url,name,address,city,state,phone
https://www.growingupyourbusiness.com/,Growing Up Your Business LLC,"11 Green St, Greenwood, DE 19950",Greenwood,DE,(302) 604-1123
http://delawarecpa.net/,Delaware CPA Services,"216A W Market St, Georgetown, DE 19947",Georgetown,DE,(302) 854-0133
http://www.cmcgrouptaxes.com/,"CMC Group Taxes, LLC","92 Gerald Dr Ste a, Newark, DE 19713",Newark,DE,(866) 504-8090
http://www.savvyacctgcorp.net/,Savvy Accounting Corp,"26238 Richfield Dr, Lewes, DE 19958",Lewes,DE,(646) 284-7240
https://delawarecpa.net/,Delaware CPA,"216 E Market St suite 101, Georgetown, DE 19947",Georgetown,DE,
http://www.sdwaccounting.com/,"Stayton, Dickens & Webster, LLP","117 S Bedford St, Georgetown, DE 19947",Georgetown,DE,(302) 856-4141
http://www.waynetaxpro.com/,Wayne Eichler EA,,Greenwood,DE,(973) 262-8409
https://www.stevenfalconecpa.com/,Steven W. Falcone CPA,"17663 Church St, Lewes, DE 19958",Lewes,DE,(302) 644-8634
http://www.pha.cpa/,"Pusey, Hatter, & Associates LLC ""PHA"" (formerly Robert M Hoyt & Co)","28466 Dupont Blvd, Millsboro, DE 19966",Millsboro,DE,(302) 934-6688
https://dfcpasllc.com/,Diehl Foraker CPAs,"18306 Coastal Hwy, Lewes, DE 19958",Lewes,DE,(302) 644-4441
http://www.pkscpa.com/,"PKS & Company, P.A.","1143 Savannah Rd #1, Lewes, DE 19958",Lewes,DE,(302) 645-5757
http://www.juds.com/,"Jefferson, Urian, Doane & Sterner, P.A.","651 N Bedford St, Georgetown, DE 19947",Georgetown,DE,(302) 856-3900
http://www.neceliscpa.com/,Adam R. Necelis CPA LLC,"700 Delaware St, New Castle, DE 19720",New Castle,DE,(302) 322-1135
http://cpacornerstone.com/,"Cornerstone, CPA- Tax Preparation","273 E Main St, Newark, DE 19711",Newark,DE,(302) 377-7165
http://www.snydercpa.com/,"SNYDER & COMPANY PA, CPA's","Silverside Professional Park, 1405 Silverside Rd #3c, Wilmington, DE 19810",Wilmington,DE,(302) 475-1600
http://www.firststatecpas.com/,Results,"18 S State St, Dover, DE 19901",Dover,DE,(302) 736-6657
http://www.mittenwinters.com/,Results,"117 W Loockerman St #119, Dover, DE 19904",Dover,DE,(302) 736-6100
http://wattayaccounting.com/,Results,"3488 S Dupont Blvd, Smyrna, DE 19977",Smyrna,DE,(302) 724-9237
https://www.fawcasson.com/,Results,"160 Greentree Dr #203, Dover, DE 19904",Dover,DE,(302) 674-4305
http://howardwimbrowcpa.com/,Results,"17527 Nassau Commons Blvd #214, Lewes, DE 19958",Lewes,DE,(302) 539-0829
http://www.svvcpa.com/,Results,"1814 Newport Gap Pike, Wilmington, DE 19808",Wilmington,DE,(302) 999-7300
http://www.cpadelaware.net/,Results,"1000 N West St Ste 1200 building, Wilmington, DE 19801",Wilmington,DE,(732) 829-6395
http://sjgarycpa.com/,Results,"809 Monroe Terrace, Dover, DE 19904",Dover,DE,(302) 730-3737
http://www.millercpa.net/,Results,"5500 Skyline Dr #5, Wilmington, DE 19808",Wilmington,DE,(302) 234-0678
http://www.thegodwinfirm.com/,Results,"110 W Pine St, Georgetown, DE 19947",Georgetown,DE,(302) 856-6712
https://www.boyercpa.net/,Results,"2496 Dupont Pkwy, Middletown, DE 19709",Middletown,DE,(302) 464-1300
http://www.scassoc.net/,Results,"651 N Broad St #103, Middletown, DE 19709",Middletown,DE,(302) 454-1100
https://www.tpgcpa.com/,Results,"705 Westchester Ct, Dagsboro, DE 19939",Dagsboro,DE,(302) 541-0610
http://www.multistatetax.net/,Multi State Tax Inc,"630 Churchmans Rd, Newark, DE 19702",Newark,DE,(302) 453-0127
https://www.accotaxinc.com/about,Acco Income Tax & Accounting Service,"204 Governor Printz Blvd, Claymont, DE 19703",Claymont,DE,(302) 798-0009
http://elitefsllc.com/,Elite Financial Service LLC,"23 Prestbury Square, Newark, DE 19713",Newark,DE,(302) 397-3001
http://www.bobdoestaxes.com/,Bob Does Taxes,"1 Shamrock Ave, New Castle, DE 19720",New Castle,DE,(302) 528-1053
