url,name,address,city,state,phone
http://www.srenardcpa.com/,Stewart E Renard CPA,"124 Tobin Dr, Milton, DE 19968",Milton,DE,(302) 381-8928
http://delawarecpa.net/,Delaware CPA Services,"216A W Market St, Georgetown, DE 19947",Georgetown,DE,(302) 854-0133
http://www.sdwaccounting.com/,"Stayton, Dickens & Webster, LLP","117 S Bedford St, Georgetown, DE 19947",Georgetown,DE,(302) 856-4141
https://delawarecpa.net/,Delaware CPA,"216 E Market St suite 101, Georgetown, DE 19947",Georgetown,DE,
http://www.juds.com/,"Jefferson, Urian, Doane & Sterner, P.A.","651 N Bedford St, Georgetown, DE 19947",Georgetown,DE,(302) 856-3900
https://dfcpasllc.com/,Diehl Foraker CPAs,"18306 Coastal Hwy, Lewes, DE 19958",Lewes,DE,(302) 644-4441
http://www.aebusinesservices.com/,A&E Business Services Inc,"616 R Wilson Lp, Georgetown, DE 19947",Georgetown,DE,(302) 604-9839
http://www.starkeyandcompany.com/,Starkey & Company PA,"1043 N Walnut St, Milford, DE 19963",Milford,DE,(302) 422-0108
http://www.fawcasson.com/,Faw Casson CPA,"20376 Coastal Hwy Suite 101, Rehoboth Beach, DE 19971",Rehoboth Beach,DE,(302) 226-1919
http://www.pkscpa.com/,"PKS & Company, P.A.","1143 Savannah Rd #1, Lewes, DE 19958",Lewes,DE,(302) 645-5757
http://www.savvyacctgcorp.net/,Savvy Accounting Corp,"26238 Richfield Dr, Lewes, DE 19958",Lewes,DE,(646) 284-7240
https://www.stevenfalconecpa.com/,Steven W. Falcone CPA,"17663 Church St, Lewes, DE 19958",Lewes,DE,(302) 644-8634
http://www.hodgescpas.com/,"Hodges Accounting & Tax Services, LLC","282 N Rehoboth Blvd, Milford, DE 19963",Milford,DE,(302) 426-4750
http://www.thegodwinfirm.com/,"The Godwin Firm, P.A.","110 W Pine St, Georgetown, DE 19947",Georgetown,DE,(302) 856-6712
https://www.hrblock.com/tax-office-near-me/delaware/milton/8321/?otppartnerid=9308&campaignid=pw_mcm_9308_9762&utm_medium=local,H&R Block,"611 Union St, Milton, DE 19968",Milton,DE,(302) 684-2955
